{"Kernel Thread Creation Overhead":[101950.44,292668.664,75062.296,78716.512,76349.792,81306.848,76360.528,75888.76,104417.604,91990.152],"Loop Overhead":[6.01032,5.99098,5.99094,6.30624,6.28448,6.14458,6.14202,6.13222,5.99096,5.991],"Procedure Creation Overhead":[1029125.648,838104.376,845622.416,844660.136,888098.228,849040.92,838514.616,842226.904,843943.744,850724.112],"Process Context Switch Overhead Means":[10294706.976,10730260.06,12000600.948,10054534.772,10762362.512,10265960.744,11301757.184,12367669.236,11859856.748,11675887.904],"Read Overhead":[60.4473,60.46612,58.6163,58.58986,59.79944,60.10654,58.96842,58.22934,58.1055,58.97812],"Run 0: Procedure Call Overhead 0 Variable":[33.18436,33.31032,33.53232,34.51916,33.22782,33.25744,36.25264,33.3682],"Run 0: Procedure Call Overhead 1 Variable":[33.18436,33.31032,33.53232,34.51916,33.22782,33.25744,36.25264,33.3682],"Run 0: Procedure Call Overhead 2 Variable":[33.18436,33.31032,33.53232,34.51916,33.22782,33.25744,36.25264,33.3682],"Run 0: Procedure Call Overhead 3 Variable":[33.18436,33.31032,33.53232,34.51916,33.22782,33.25744,36.25264,33.3682],"Run 0: Procedure Call Overhead 4 Variable":[33.18436,33.31032,33.53232,34.51916,33.22782,33.25744,36.25264,33.3682],"Run 0: Procedure Call Overhead 5 Variable":[33.18436,33.31032,33.53232,34.51916,33.22782,33.25744,36.25264,33.3682],"Run 0: Procedure Call Overhead 6 Variable":[33.18436,33.31032,33.53232,34.51916,33.22782,33.25744,36.25264,33.3682],"Run 0: Procedure Call Overhead 7 Variable":[33.18436,33.31032,33.53232,34.51916,33.22782,33.25744,36.25264,33.3682],"Run 1: Procedure Call Overhead 0 Variable":[31.8786,33.10724,33.2054,33.80152,33.2082,33.15044,35.46146,33.6073],"Run 1: Procedure Call Overhead 1 Variable":[31.8786,33.10724,33.2054,33.80152,33.2082,33.15044,35.46146,33.6073],"Run 1: Procedure Call Overhead 2 Variable":[31.8786,33.10724,33.2054,33.80152,33.2082,33.15044,35.46146,33.6073],"Run 1: Procedure Call Overhead 3 Variable":[31.8786,33.10724,33.2054,33.80152,33.2082,33.15044,35.46146,33.6073],"Run 1: Procedure Call Overhead 4 Variable":[31.8786,33.10724,33.2054,33.80152,33.2082,33.15044,35.46146,33.6073],"Run 1: Procedure Call Overhead 5 Variable":[31.8786,33.10724,33.2054,33.80152,33.2082,33.15044,35.46146,33.6073],"Run 1: Procedure Call Overhead 6 Variable":[31.8786,33.10724,33.2054,33.80152,33.2082,33.15044,35.46146,33.6073],"Run 1: Procedure Call Overhead 7 Variable":[31.8786,33.10724,33.2054,33.80152,33.2082,33.15044,35.46146,33.6073],"Run 2: Procedure Call Overhead 0 Variable":[31.9036,33.38432,33.44314,33.7918,33.33526,33.532,35.46626,33.42418],"Run 2: Procedure Call Overhead 1 Variable":[31.9036,33.38432,33.44314,33.7918,33.33526,33.532,35.46626,33.42418],"Run 2: Procedure Call Overhead 2 Variable":[31.9036,33.38432,33.44314,33.7918,33.33526,33.532,35.46626,33.42418],"Run 2: Procedure Call Overhead 3 Variable":[31.9036,33.38432,33.44314,33.7918,33.33526,33.532,35.46626,33.42418],"Run 2: Procedure Call Overhead 4 Variable":[31.9036,33.38432,33.44314,33.7918,33.33526,33.532,35.46626,33.42418],"Run 2: Procedure Call Overhead 5 Variable":[31.9036,33.38432,33.44314,33.7918,33.33526,33.532,35.46626,33.42418],"Run 2: Procedure Call Overhead 6 Variable":[31.9036,33.38432,33.44314,33.7918,33.33526,33.532,35.46626,33.42418],"Run 2: Procedure Call Overhead 7 Variable":[31.9036,33.38432,33.44314,33.7918,33.33526,33.532,35.46626,33.42418],"Run 3: Procedure Call Overhead 0 Variable":[32.39094,33.22046,33.24606,34.24676,33.29038,33.30002,35.57438,33.34694],"Run 3: Procedure Call Overhead 1 Variable":[32.39094,33.22046,33.24606,34.24676,33.29038,33.30002,35.57438,33.34694],"Run 3: Procedure Call Overhead 2 Variable":[32.39094,33.22046,33.24606,34.24676,33.29038,33.30002,35.57438,33.34694],"Run 3: Procedure Call Overhead 3 Variable":[32.39094,33.22046,33.24606,34.24676,33.29038,33.30002,35.57438,33.34694],"Run 3: Procedure Call Overhead 4 Variable":[32.39094,33.22046,33.24606,34.24676,33.29038,33.30002,35.57438,33.34694],"Run 3: Procedure Call Overhead 5 Variable":[32.39094,33.22046,33.24606,34.24676,33.29038,33.30002,35.57438,33.34694],"Run 3: Procedure Call Overhead 6 Variable":[32.39094,33.22046,33.24606,34.24676,33.29038,33.30002,35.57438,33.34694],"Run 3: Procedure Call Overhead 7 Variable":[32.39094,33.22046,33.24606,34.24676,33.29038,33.30002,35.57438,33.34694],"Run 4: Procedure Call Overhead 0 Variable":[32.5196,33.484,33.84076,33.8382,33.35446,33.443,35.3696,33.38338],"Run 4: Procedure Call Overhead 1 Variable":[32.5196,33.484,33.84076,33.8382,33.35446,33.443,35.3696,33.38338],"Run 4: Procedure Call Overhead 2 Variable":[32.5196,33.484,33.84076,33.8382,33.35446,33.443,35.3696,33.38338],"Run 4: Procedure Call Overhead 3 Variable":[32.5196,33.484,33.84076,33.8382,33.35446,33.443,35.3696,33.38338],"Run 4: Procedure Call Overhead 4 Variable":[32.5196,33.484,33.84076,33.8382,33.35446,33.443,35.3696,33.38338],"Run 4: Procedure Call Overhead 5 Variable":[32.5196,33.484,33.84076,33.8382,33.35446,33.443,35.3696,33.38338],"Run 4: Procedure Call Overhead 6 Variable":[32.5196,33.484,33.84076,33.8382,33.35446,33.443,35.3696,33.38338],"Run 4: Procedure Call Overhead 7 Variable":[32.5196,33.484,33.84076,33.8382,33.35446,33.443,35.3696,33.38338],"Run 5: Procedure Call Overhead 0 Variable":[32.01332,33.5268,33.41492,34.24534,33.19658,33.25064,35.24794,33.29952],"Run 5: Procedure Call Overhead 1 Variable":[32.01332,33.5268,33.41492,34.24534,33.19658,33.25064,35.24794,33.29952],"Run 5: Procedure Call Overhead 2 Variable":[32.01332,33.5268,33.41492,34.24534,33.19658,33.25064,35.24794,33.29952],"Run 5: Procedure Call Overhead 3 Variable":[32.01332,33.5268,33.41492,34.24534,33.19658,33.25064,35.24794,33.29952],"Run 5: Procedure Call Overhead 4 Variable":[32.01332,33.5268,33.41492,34.24534,33.19658,33.25064,35.24794,33.29952],"Run 5: Procedure Call Overhead 5 Variable":[32.01332,33.5268,33.41492,34.24534,33.19658,33.25064,35.24794,33.29952],"Run 5: Procedure Call Overhead 6 Variable":[32.01332,33.5268,33.41492,34.24534,33.19658,33.25064,35.24794,33.29952],"Run 5: Procedure Call Overhead 7 Variable":[32.01332,33.5268,33.41492,34.24534,33.19658,33.25064,35.24794,33.29952],"Run 6: Procedure Call Overhead 0 Variable":[32.22676,33.17518,37.72562,34.21548,33.37824,33.12934,35.528,33.4959],"Run 6: Procedure Call Overhead 1 Variable":[32.22676,33.17518,37.72562,34.21548,33.37824,33.12934,35.528,33.4959],"Run 6: Procedure Call Overhead 2 Variable":[32.22676,33.17518,37.72562,34.21548,33.37824,33.12934,35.528,33.4959],"Run 6: Procedure Call Overhead 3 Variable":[32.22676,33.17518,37.72562,34.21548,33.37824,33.12934,35.528,33.4959],"Run 6: Procedure Call Overhead 4 Variable":[32.22676,33.17518,37.72562,34.21548,33.37824,33.12934,35.528,33.4959],"Run 6: Procedure Call Overhead 5 Variable":[32.22676,33.17518,37.72562,34.21548,33.37824,33.12934,35.528,33.4959],"Run 6: Procedure Call Overhead 6 Variable":[32.22676,33.17518,37.72562,34.21548,33.37824,33.12934,35.528,33.4959],"Run 6: Procedure Call Overhead 7 Variable":[32.22676,33.17518,37.72562,34.21548,33.37824,33.12934,35.528,33.4959],"Run 7: Procedure Call Overhead 0 Variable":[32.07452,33.34068,33.51738,34.08316,33.15494,33.5805,36.71044,33.16702],"Run 7: Procedure Call Overhead 1 Variable":[32.07452,33.34068,33.51738,34.08316,33.15494,33.5805,36.71044,33.16702],"Run 7: Procedure Call Overhead 2 Variable":[32.07452,33.34068,33.51738,34.08316,33.15494,33.5805,36.71044,33.16702],"Run 7: Procedure Call Overhead 3 Variable":[32.07452,33.34068,33.51738,34.08316,33.15494,33.5805,36.71044,33.16702],"Run 7: Procedure Call Overhead 4 Variable":[32.07452,33.34068,33.51738,34.08316,33.15494,33.5805,36.71044,33.16702],"Run 7: Procedure Call Overhead 5 Variable":[32.07452,33.34068,33.51738,34.08316,33.15494,33.5805,36.71044,33.16702],"Run 7: Procedure Call Overhead 6 Variable":[32.07452,33.34068,33.51738,34.08316,33.15494,33.5805,36.71044,33.16702],