{
  "Kernel Thread Creation Overhead": [
    220488.412,
    173312.316,
    153891.336,
    158727.664,
    154302.176,
    176120.56,
    152956.976,
    154746.472,
    156209.432,
    175671.896
  ],
  "Loop Overhead": [
    6.17776,
    5.94974,
    5.99076,
    5.99086,
    5.99102,
    5.99096,
    5.93282,
    5.9908,
    5.99086,
    5.97168
  ],
  "Procedure Creation Overhead": [
    761940.08,
    759402.968,
    710406.176,
    669174.432,
    690666.884,
    669107.936,
    639527.232,
    663411.672,
    676201.832,
    648662.52
  ],
  "Process Context Switch Overhead Means": [
    12124525.236,
    12612080.08,
    12789861.192,
    12714945.24,
    12393414.6,
    11363316.632,
    12233993.028,
    11748126.6,
    12926143.828,
    12518896.264
  ],
  "Read Overhead": [
    32.64442,
    31.83924,
    31.7629,
    31.75916,
    32.71336,
    32.34876,
    32.40308,
    31.76992,
    31.85118,
    31.73638
  ],
  "Run 0: Procedure Call Overhead": [
    33.85892,
    33.99976,
    34.34906,
    36.7001,
    36.54084,
    34.86276,
    36.25662,
    34.5617
  ],
  "Run 1: Procedure Call Overhead": [
    32.84408,
    34.00662,
    34.2699,
    35.0307,
    35.76286,
    34.84626,
    36.19756,
    33.92014
  ],
  "Run 2: Procedure Call Overhead": [
    32.81272,
    34.59314,
    35.79234,
    34.6393,
    36.3831,
    34.3272,
    36.20506,
    33.85378
  ],
  "Run 3: Procedure Call Overhead": [
    33.00332,
    34.0949,
    34.36046,
    34.75452,
    36.23316,
    34.49126,
    36.08518,
    33.94202
  ],
  "Run 4: Procedure Call Overhead": [
    33.46408,
    34.4921,
    34.27404,
    34.62204,
    35.82604,
    34.26496,
    36.53984,
    34.67426
  ],
  "Run 5: Procedure Call Overhead": [
    32.69414,
    34.00104,
    35.39656,
    34.7571,
    36.4946,
    34.07266,
    37.5373,
    34.07128
  ],
  "Run 6: Procedure Call Overhead": [
    33.24474,
    34.10624,
    34.97446,
    34.82374,
    36.60394,
    34.1965,
    36.37598,
    34.73216
  ],
  "Run 7: Procedure Call Overhead": [
    32.76984,
    35.7798,
    34.44402,
    35.0976,
    36.09668,
    34.28656,
    37.03392,
    34.24416
  ],
  "Run 8: Procedure Call Overhead": [
    32.99102,
    34.35074,
    34.27874,
    35.2413,
    36.04562,
    34.1646,
    36.57522,
    34.52616
  ],
  "Run 9: Procedure Call Overhead": [
    32.86736,
    34.14214,
    34.35354,
    34.89742,
    36.47894,
    34.8078,
    36.3907,
    34.23994
  ],
  "Thread Context Switch Overhead Means": [
    191865.224,
    146393.628,
    91062.208,
    94100.296,
    98695.96,
    81194.256,
    88964.352,
    82379.76,
    95714.888,
    129860.312
  ]
}